{"options":{"check_for_updates":true,"comment":null,"compat_foreach":false,"compat_metadata":false,"compat_prototypes":false,"compat_wrappedjsobject":false,"compatopts_for_requires":true,"noframes":null,"override":{"merge_connects":true,"merge_excludes":true,"merge_includes":true,"merge_matches":true,"orig_excludes":[],"orig_includes":[],"orig_matches":["file:///*.java","file:///*.py","file:///*.txt","file:///*.sh","file:///*.sql","file:///*.js","file:///*.json"],"orig_noframes":null,"orig_run_at":"document-idle","use_blockers":[],"use_connects":[],"use_excludes":[],"use_includes":[],"use_matches":[]},"run_at":null},"settings":{"enabled":true,"position":11},"meta":{"name":"本地文件、代码阅读器。","uuid":"b67c3efd-5b77-44b3-86f0-3be2d6118aaf","modified":1600614898280}}