{"options":{"check_for_updates":false,"comment":"","compat_foreach":false,"compat_metadata":false,"compat_prototypes":false,"compat_wrappedjsobject":false,"compatopts_for_requires":true,"noframes":null,"override":{"merge_connects":true,"merge_excludes":true,"merge_includes":true,"merge_matches":true,"orig_excludes":[],"orig_includes":[],"orig_matches":["https://baike.baidu.com/item/*"],"orig_noframes":null,"orig_run_at":"document-idle","use_blockers":[],"use_connects":[],"use_excludes":[],"use_includes":[],"use_matches":[]},"run_at":null},"settings":{"enabled":true,"position":1},"meta":{"name":"百度百科自动收藏（尚未收藏的）、自动朗读","uuid":"4575adfe-92af-4356-a550-83b5e8635d97","modified":1606657071083}}