{"options":{"check_for_updates":true,"comment":null,"compat_foreach":false,"compat_metadata":false,"compat_prototypes":false,"compat_wrappedjsobject":false,"compatopts_for_requires":true,"noframes":null,"override":{"merge_connects":true,"merge_excludes":true,"merge_includes":true,"merge_matches":true,"orig_excludes":[],"orig_includes":[],"orig_matches":["https://baike.baidu.com/item/%E7%A7%91%E5%AD%A6%E5%8F%91%E5%B1%95%E8%A7%82","https://baike.baidu.com/item/%E5%8F%AF%E6%8C%81%E7%BB%AD%E5%8F%91%E5%B1%95/360491","https://baike.baidu.com/item/%E5%B7%A5%E5%86%9C%E8%81%94%E7%9B%9F"],"orig_noframes":null,"orig_run_at":"document-idle","use_blockers":[],"use_connects":[],"use_excludes":[],"use_includes":[],"use_matches":[]},"run_at":null},"settings":{"enabled":true,"position":28},"meta":{"name":"科学发展观阅读。","uuid":"c340c9a8-9e5f-4ebe-bd7d-a0323a4bc422","modified":1593880230762}}