{"options":{"check_for_updates":true,"comment":null,"compat_foreach":false,"compat_metadata":false,"compat_prototypes":false,"compat_wrappedjsobject":false,"compatopts_for_requires":true,"noframes":null,"override":{"merge_connects":true,"merge_excludes":true,"merge_includes":true,"merge_matches":true,"orig_excludes":[],"orig_includes":[],"orig_matches":["https://music.163.com/#/my/m/music/playlist*","https://music.163.com/my/m/music/playlist*","https://music.163.com/my*"],"orig_noframes":null,"orig_run_at":"document-idle","use_blockers":[],"use_connects":[],"use_excludes":[],"use_includes":[],"use_matches":[]},"run_at":null},"settings":{"enabled":true,"position":58},"meta":{"name":"网易云我的音乐随机选取","uuid":"90dadfe8-2a1a-48dd-a6ba-28ffc752fb71","modified":1597336559040}}